<TEI xmlns="http://www.tei-c.org/ns/1.0" xmlns:telota="http://www.telota.de" telota:doctype="image" xml:id="ed_xrp_cbs_rhb">
    <teiHeader>
        <fileDesc>
            <titleStmt>
                <title type="main">Figura observationum cometicarum Francforti ad Oderam</title>
                <title type="sub"/>
            </titleStmt>
            <publicationStmt>
                <publisher/>
                <pubPlace/>
                <date/>
            </publicationStmt>
            <notesStmt>
                <note type="remarkDocument">
                    <p/>
                </note>
            </notesStmt>
            <sourceDesc>
                <bibl sameAs="zotero-2065617-FN7BLDH8">Stanisław Lubieniecki, Theatrum Cometicum
                        I<biblScope unit="pages">nach 554</biblScope>
                </bibl>
            </sourceDesc>
        </fileDesc>
        <profileDesc>
            <creation/>
            <langUsage>
                <language ident="lat"/>
            </langUsage>
            <textClass>
                <classCode scheme="#sbw">Stich</classCode>
            </textClass>
            <abstract>
                <p/>
            </abstract>
        </profileDesc>
    </teiHeader>
    <text>
        <body>
            <div>
                <head>Figura <choice>
                        <abbr>observat.</abbr>
                        <expan>observationum</expan>
                    </choice>
                    <choice>
                        <abbr>Cometicar.</abbr>
                        <expan>cometicarum</expan>
                    </choice> Francofurti ad Oderam <choice>
                        <abbr>factar.</abbr>
                        <expan>factarum</expan>
                    </choice> ad <choice>
                        <abbr>Communicat</abbr>
                        <expan>communicationem</expan>
                    </choice>. <choice>
                        <abbr>Magnif. et Cl.</abbr>
                        <expan>magnificentissimi et clarissimi</expan>
                    </choice> viri <choice>
                        <abbr>D.</abbr>
                        <expan>domini</expan>
                    </choice>
                    <choice>
                        <abbr>Iohan.</abbr>
                        <expan>Iohannis</expan>
                    </choice> Placentini.<lb/>In Electoris, et Principis Brandenburgici Augusti,
                    Herois Invicissimi, Domini <choice>
                        <abbr>Dn</abbr>
                        <expan>domini</expan>
                    </choice>: Friderici Guilielmi etc. etc. etc. Universitate Viadrina institutae
                    Observationes binorum Cometarum <lb/>huius Anni Currentis 1665 <lb/>a Iohanne
                    Placentino p. t. Universitatis Rectore</head>
                <list>
                    <item>I. Observationes priores <name key="ed_mjq_l43_tdb" type="subjectIndexTerm">cometae</name> vespertini pallidioris et
                        caudati, turbinis instar, magnitudine vera Solem superantitis, et <rs key="ed_sly_bh2_dhb" type="comet">supra sphaeram planetarum
                            existentis</rs>, qui in aliis horizontibus ad <name key="ed_j3n_y15_zdb" type="subjectIndexTerm">Corvum</name> matutinus comatus, postea nobis in
                            <name key="ed_cns_r25_52b" type="subjectIndexTerm">Fluvio
                        Eridano</name>, propter Lunam splendentem crinitus apparuit, et <rs key="ed_g51_qnc_kfb" type="comet">motum suum contra successionem
                            signorum</rs> per caput <name key="ed_uz5_qlz_bhb" type="subjectIndexTerm">Balenae</name> etc. direxit in orbita elliptica,
                        cuius plures observationes ac earundem deductiones habentur in mea
                        dissertatiuncula nuper edita. <list>
                            <item>1. Observatio instituta est duplici modo, 1. adminiculo
                                altitudinis meridianae, 41 <choice>
                                    <abbr>gr.</abbr>
                                    <expan>graduum</expan>
                                </choice> 28 <choice>
                                    <abbr>minut.</abbr>
                                    <expan>minutorum</expan>
                                </choice> ac <name key="ed_unj_xwk_rhb" type="subjectIndexTerm">lucidae Arietis</name> occidentalis 58 <choice>
                                    <abbr>gr.</abbr>
                                    <expan>graduum</expan>
                                </choice> 40 minutorum. 2. beneficio quattuor stellarum mutua
                                intersectione locum <name key="ed_mjq_l43_tdb" type="subjectIndexTerm">cometae</name> determinantium.</item>
                            <item>2. Observatio iuxta distantias <name key="ed_mjq_l43_tdb" type="subjectIndexTerm">cometae</name> a <name key="ed_unj_xwk_rhb" type="subjectIndexTerm">Lucida
                                    Arietis</name> 14 <choice>
                                    <abbr>gr.</abbr>
                                    <expan>graduum</expan>
                                </choice> 25 min., et <name key="ed_lnx_33t_zgb" type="subjectIndexTerm">Aldebaran</name> 33 <choice>
                                    <abbr>gr.</abbr>
                                    <expan>graduum</expan>
                                </choice> 50 <choice>
                                    <abbr>minut.</abbr>
                                    <expan>minutorum</expan>
                                </choice>.</item>
                            <item>3. Observatio <rs key="ed_nyf_lch_shb" type="term">ex altitudine
                                        <name key="ed_mjq_l43_tdb" type="subjectIndexTerm">cometae</name> azimuthali</rs> 26 <choice>
                                    <abbr>gr.</abbr>
                                    <expan>graduum</expan>
                                </choice> 27 <choice>
                                    <abbr>minut.</abbr>
                                    <expan>minutorum</expan>
                                </choice> atque <rs key="ed_h3l_3ch_shb" type="term">azimutho
                                    orientali</rs> 24 <choice>
                                    <abbr>gr.</abbr>
                                    <expan>graduum</expan>
                                </choice> 59 <choice>
                                    <abbr>min.</abbr>
                                    <expan>minutorum</expan>
                                </choice> existente <name key="ed_lnx_33t_zgb" type="subjectIndexTerm">Aldebaran</name> alitudine orientali 33 <choice>
                                    <abbr>gr.</abbr>
                                    <expan>graduum</expan>
                                </choice> 30 <choice>
                                    <abbr>min.</abbr>
                                    <expan>minutorum</expan>
                                </choice>.</item>
                            <item>4. Observatio adminculo binarum stellarum in una linea recta cum
                                cometa existentium et cum tertia triangulum aequicrurum
                                formantium.</item>
                        </list></item>
                    <item>II. Observationes posteriores novi <name key="ed_jzs_wn3_tdb" type="subjectIndexTerm">cometae</name> matutini comati, lucidioris et
                        minoris, Solem tamen vera si non superantis, aequantis, in <name key="ed_qy1_gf5_52b" type="subjectIndexTerm">Pegaso</name> primum
                        residentis, postea secundum seriem signorum infra Caput <name key="ed_fvc_m25_52b" type="subjectIndexTerm">Andromedae</name> per <name key="ed_e2p_s25_52b" type="subjectIndexTerm">Piscem</name> boreum
                        transeuntis et ad asterismum <name key="ed_k2l_kgd_ydb" type="subjectIndexTerm">Arietis</name> usque tendentis.</item>
                </list>
                <cb type="start"/>
                <p><?oxy_custom_start type="oxy_content_highlight" color="255,64,0"?>[hier muss die
                    1. Abbildung von der linken Seite eingefügt werden]<?oxy_custom_end?>
                </p>
                <table cols="10" rows="7">
                    <head>Observationes priores</head>
                    <row>
                        <cell> Litera<lb/>
                            <choice>
                                <abbr>observat.</abbr>
                                <expan>observationis</expan>
                            </choice>
                        </cell>
                        <cell>Modus</cell>
                        <cell>Annus</cell>
                        <cell>Mensis <lb/>
                            <choice>
                                <abbr>Stil.Vet.</abbr>
                                <expan>stilo vetere</expan>
                            </choice>
                        </cell>
                        <cell>Dies</cell>
                        <cell>Hora <lb/>vesp.</cell>
                        <cell>
                            <rs key="ed_kcd_mns_phb" type="term">Longitudo</rs>
                            <lb/>Cometae</cell>
                        <cell>
                            <rs key="ed_d2m_nns_phb" type="term">Latitudo</rs>
                        </cell>
                        <cell>
                            <rs key="ed_cl2_kns_phb" type="term">Declinatio</rs>
                        </cell>
                        <cell>
                            <rs key="ed_sbz_fk2_shb" type="term">Ascensio <lb/>recta</rs>
                        </cell>
                    </row>
                    <row>
                        <cell/>
                        <cell/>
                        <cell/>
                        <cell/>
                        <cell/>
                        <cell/>
                        <cell>0 gr. ′</cell>
                        <cell>° . ′</cell>
                        <cell>° . ′</cell>
                        <cell>° . ′</cell>
                    </row>
                    <row>
                        <cell>A</cell>
                        <cell>m. 1</cell>
                        <cell>1664</cell>
                        <cell>
                            <choice>
                                <abbr>Dec.</abbr>
                                <expan>Decembris</expan>
                            </choice>
                        </cell>
                        <cell>28</cell>
                        <cell/>
                        <cell>E. 5. 25 ♉</cell>
                        <cell>AE. 9. 3 A</cell>
                        <cell>AK 4. 48′ B</cell>
                        <cell>♈ K. 36. 8</cell>
                    </row>
                    <row>
                        <cell>eadem</cell>
                        <cell>m. 2</cell>
                        <cell/>
                        <cell/>
                        <cell/>
                        <cell>6</cell>
                        <cell>E. 5. 38</cell>
                        <cell>AE. 8. 41</cell>
                        <cell>AK 5. 13</cell>
                        <cell>♈ K. 36. 13</cell>
                    </row>
                    <row>
                        <cell>B.</cell>
                        <cell/>
                        <cell/>
                        <cell/>
                        <cell>31</cell>
                        <cell>5</cell>
                        <cell>F. 1. 11</cell>
                        <cell>BF. 4. 21</cell>
                        <cell>BL 7. 50</cell>
                        <cell>♈ L. 30. 33</cell>
                    </row>
                    <row>
                        <cell>C.</cell>
                        <cell/>
                        <cell>1665</cell>
                        <cell>
                            <choice>
                                <abbr>Ian.</abbr>
                                <expan>Ianuarii</expan>
                            </choice>
                        </cell>
                        <cell>2</cell>
                        <cell/>
                        <cell>G. 29. 12 ♈</cell>
                        <cell>CG. 3. 25</cell>
                        <cell>CM. 8. 1</cell>
                        <cell>♈ M. 28. 22</cell>
                    </row>
                    <row>
                        <cell>D.</cell>
                        <cell/>
                        <cell/>
                        <cell>
                            <choice>
                                <abbr>Febr.</abbr>
                                <expan>Februarii</expan>
                            </choice>
                        </cell>
                        <cell>1</cell>
                        <cell>8 1/2</cell>
                        <cell>H. 26. 29</cell>
                        <cell>DH. 6. 28 B</cell>
                        <cell>DN. 16 15</cell>
                        <cell>♈ N. 22. 7</cell>
                    </row>
                    <row>
                        <cell/>
                        <cell/>
                        <cell/>
                        <cell/>
                        <cell/>
                        <cell/>
                        <cell/>
                        <cell/>
                        <cell/>
                        <cell/>
                    </row>
                </table>
                <p><?oxy_custom_start type="oxy_content_highlight" color="255,64,0"?>[hier muss die
                    2. Abbildung von der linken Seite eingefügt werden]<?oxy_custom_end?>
                </p>
                <p>In proposito diagrammate KL sit <rs key="ed_frl_jms_phb" type="term">arcus
                        eclipticae</rs>, cuius polus septentrionalis est M, meridionalis vero N. <rs key="ed_kcd_mns_phb" type="term">Quadrantes <choice>
                            <abbr>latit.</abbr>
                            <expan>latitudinis</expan>
                        </choice>
                    </rs> sint MT et ON etc. <table cols="4" rows="13">
                        <row>
                            <cell/>
                            <cell/>
                            <cell>Longitudo</cell>
                            <cell>Latitudo</cell>
                        </row>
                        <row>
                            <cell/>
                            <cell/>
                            <cell> ° . ′</cell>
                            <cell> °. ′</cell>
                        </row>
                        <row>
                            <cell>1</cell>
                            <cell>
                                <name key="ed_zh2_xfj_rhb" type="subjectIndexTerm">Lucida mandibulae
                                    Cete</name>
                            </cell>
                            <cell>9. 42 ♉</cell>
                            <cell>1 L. 12. 37A</cell>
                        </row>
                        <row>
                            <cell>2</cell>
                            <cell>
                                <name key="ed_ngm_3rv_qhb" type="subjectIndexTerm">Stella quae est
                                    supra oculum</name>
                            </cell>
                            <cell>7. 1</cell>
                            <cell>2. O. 5. 36</cell>
                        </row>
                        <row>
                            <cell>3</cell>
                            <cell>Quae est <name key="ed_arb_mdf_shb" type="subjectIndexTerm">media
                                    in ore</name>
                            </cell>
                            <cell>4. 47 1/2</cell>
                            <cell>3. P. 12. 2 1/2</cell>
                        </row>
                        <row>
                            <cell>4</cell>
                            <cell>
                                <name key="ed_dvp_txf_shb" type="subjectIndexTerm">Oculus
                                    Cete</name>
                            </cell>
                            <cell>3. 43</cell>
                            <cell>4. Q. 9. 12</cell>
                        </row>
                        <row>
                            <cell>5</cell>
                            <cell>
                                <name key="ed_mnf_ddf_shb" type="subjectIndexTerm">Praecedens trium
                                    ad genam</name>
                            </cell>
                            <cell>2. 56</cell>
                            <cell>5. R. 14. 32</cell>
                        </row>
                        <row>
                            <cell>6</cell>
                            <cell>
                                <name key="ed_bsm_3yf_shb" type="subjectIndexTerm">Quae est infra
                                    oculum</name>
                            </cell>
                            <cell>2. 48</cell>
                            <cell>6. S. 5. 52</cell>
                        </row>
                        <row>
                            <cell>7</cell>
                            <cell>
                                <name key="ed_fqf_rcf_shb" type="subjectIndexTerm">Quae est in
                                    occipite</name>
                            </cell>
                            <cell>29. 23 ♈</cell>
                            <cell>7. X. 4. 19</cell>
                        </row>
                        <row>
                            <cell>8</cell>
                            <cell>
                                <name key="ed_c1j_3vg_shb" type="subjectIndexTerm">Quae est in
                                    cervice Arietis</name>
                            </cell>
                            <cell>28. 51 </cell>
                            <cell>8. T. 5. 24 B</cell>
                        </row>
                        <row>
                            <cell>9</cell>
                            <cell>
                                <name key="ed_g2j_vvg_shb" type="subjectIndexTerm">Australis in
                                    praecedente cornu</name> ♈</cell>
                            <cell>28. 31</cell>
                            <cell>9. V. 7. 8 1/2 <choice>
                                    <sic>β</sic>
                                    <corr cert="high">B</corr>
                                </choice>
                            </cell>
                        </row>
                        <row>
                            <cell>10</cell>
                            <cell>
                                <name key="ed_b33_1bh_shb" type="subjectIndexTerm">Lucidio in nexu
                                    amborum linorum</name>
                            </cell>
                            <cell>24. 21</cell>
                            <cell>10. W. 9. 4 1/2 A</cell>
                        </row>
                        <row>
                            <cell>11</cell>
                            <cell>
                                <name key="ed_wsf_lbh_shb" type="subjectIndexTerm">Media ac lucidior
                                    in nexu lini boreo</name>
                            </cell>
                            <cell>22. 10 ♈</cell>
                            <cell>22. K. 5. 21. B</cell>
                        </row>
                    </table></p>
                <cb/>
                <p><?oxy_custom_start type="oxy_content_highlight" color="255,64,0"?>[hier muss die
                    1. Abbildung der rechten Seite eingefügt werden]<?oxy_custom_end?></p>
                <table cols="10" rows="8">
                    <head>Observationes posteriores</head>
                    <row>
                        <cell>Litera</cell>
                        <cell>Modus</cell>
                        <cell>Annus</cell>
                        <cell>Mensis <lb/>
                            <choice>
                                <abbr>Stil. Vet.</abbr>
                                <expan>stilo vetere</expan>
                            </choice>
                        </cell>
                        <cell>Dies</cell>
                        <cell>Hora <lb/>mat.</cell>
                        <cell>
                            <rs key="ed_kcd_mns_phb" type="term">Longitudo</rs>
                        </cell>
                        <cell>
                            <rs key="ed_d2m_nns_phb" type="term">Latitudo</rs>
                            <lb/>
                            <choice>
                                <abbr>septentr.</abbr>
                                <expan>septentrionalis</expan>
                            </choice>
                        </cell>
                        <cell>
                            <rs key="ed_cl2_kns_phb" type="term">Declinatio</rs>
                        </cell>
                        <cell>
                            <rs key="ed_sbz_fk2_shb" type="term">Ascensio <lb/>recta</rs>
                        </cell>
                    </row>
                    <row>
                        <cell/>
                        <cell/>
                        <cell/>
                        <cell/>
                        <cell/>
                        <cell/>
                        <cell>0. gr.</cell>
                        <cell> ° . ′</cell>
                        <cell> ° . ′</cell>
                        <cell> ° . ′</cell>
                    </row>
                    <row>
                        <cell>A</cell>
                        <cell/>
                        <cell>1665</cell>
                        <cell>Martii</cell>
                        <cell>27</cell>
                        <cell>4</cell>
                        <cell>H. 14. ♓</cell>
                        <cell>AH. 26. 40</cell>
                        <cell>AP. 17.50</cell>
                        <cell>P. 334</cell>
                    </row>
                    <row>
                        <cell>B</cell>
                        <cell/>
                        <cell/>
                        <cell/>
                        <cell>28</cell>
                        <cell>4</cell>
                        <cell>K. 20. ♓</cell>
                        <cell>BK. 26. 40</cell>
                        <cell>BQ. 20.</cell>
                        <cell>Q. 339 1/2</cell>
                    </row>
                    <row>
                        <cell>C</cell>
                        <cell/>
                        <cell/>
                        <cell>April</cell>
                        <cell>1. </cell>
                        <cell>3</cell>
                        <cell>L. 6. ♈</cell>
                        <cell>CL. 23. 50</cell>
                        <cell>CR. 23. 50</cell>
                        <cell>R. 355</cell>
                    </row>
                    <row>
                        <cell>D</cell>
                        <cell/>
                        <cell/>
                        <cell/>
                        <cell>4</cell>
                        <cell>2 1/2</cell>
                        <cell>M. 14. ♈</cell>
                        <cell>DM. 21. 50</cell>
                        <cell>DS. 25. 20</cell>
                        <cell>S. 4 1/2</cell>
                    </row>
                    <row>
                        <cell>E</cell>
                        <cell/>
                        <cell/>
                        <cell/>
                        <cell>5</cell>
                        <cell>2 1/2</cell>
                        <cell>N. 19. ♈</cell>
                        <cell>EN. 20. 10</cell>
                        <cell>ET. 25. 40</cell>
                        <cell>T. 9</cell>
                    </row>
                    <row>
                        <cell>F.</cell>
                        <cell/>
                        <cell/>
                        <cell/>
                        <cell>8</cell>
                        <cell>3 1/2</cell>
                        <cell>O. 28. ♈</cell>
                        <cell>FO. 16. 20</cell>
                        <cell>FU. 26.</cell>
                        <cell>U. 19 1/2</cell>
                    </row>
                </table>
                <p><?oxy_custom_start type="oxy_content_highlight" color="255,64,0"?>[hier muss die
                    2. Abbildung der rechten Seite eingefügt werden]<?oxy_custom_end?></p>
                <p>In adiecto schemate HP sit itidem <rs key="ed_frl_jms_phb" type="term">arcus
                        eclipticae</rs>, cuius polus borealis est Q, ex huius datis <rs key="ed_kcd_mns_phb" type="term">longitudines</rs>, <rs key="ed_d2m_nns_phb" type="term">latitudines</rs>, <rs key="ed_cl2_kns_phb" type="term">declinationes</rs> et <rs key="ed_sbz_fk2_shb" type="term">ascensiones
                        rectae</rs> calculo trigonometrico erui possunt. <table cols="4" rows="14">
                        <row>
                            <cell/>
                            <cell/>
                            <cell>
                                <rs key="ed_kcd_mns_phb" type="term">Longitudo</rs>
                            </cell>
                            <cell>
                                <rs key="ed_d2m_nns_phb" type="term">Latitudo</rs>
                            </cell>
                        </row>
                        <row>
                            <cell/>
                            <cell/>
                            <cell> ° . ′</cell>
                            <cell> ° . ′</cell>
                        </row>
                        <row>
                            <cell>1</cell>
                            <cell>
                                <name key="ed_tp3_khz_rhb" type="subjectIndexTerm">Praecedens duarum
                                    in pectore Pegasi</name>
                            </cell>
                            <cell>18. 24 ♓</cell>
                            <cell>1 R. 28. 49. <choice>
                                    <sic>β</sic>
                                    <corr cert="high">B</corr>
                                </choice>
                            </cell>
                        </row>
                        <row>
                            <cell>2</cell>
                            <cell>
                                <name key="ed_qwq_yly_rhb" type="subjectIndexTerm">Prima alae
                                    Marchab</name>
                            </cell>
                            <cell>18. 51</cell>
                            <cell>2 K. 19. 26</cell>
                        </row>
                        <row>
                            <cell>3</cell>
                            <cell>
                                <name key="ed_e5n_mjz_rhb" type="subjectIndexTerm">Sequens in
                                    pectore</name>
                            </cell>
                            <cell>19. 48</cell>
                            <cell>3 S. 29. 24 1/2</cell>
                        </row>
                        <row>
                            <cell>4</cell>
                            <cell>
                                <name key="ed_mws_shz_rhb" type="subjectIndexTerm">Dextrum
                                    genu</name>
                            </cell>
                            <cell>21. 5</cell>
                            <cell>4 T. 35. 7 1/2</cell>
                        </row>
                        <row>
                            <cell>5</cell>
                            <cell>
                                <name key="ed_cz2_cly_rhb" type="subjectIndexTerm">Scheat
                                    Pegasi</name>, eductio cruris</cell>
                            <cell>24. 44</cell>
                            <cell>5 V. 31. 7 1/2</cell>
                        </row>
                        <row>
                            <cell>6</cell>
                            <cell>
                                <name key="ed_wrn_bpz_rhb" type="subjectIndexTerm">Caput
                                    Andromedae</name>
                            </cell>
                            <cell>9. 42 ♈</cell>
                            <cell>6 W. 25. 42</cell>
                        </row>
                        <row>
                            <cell>7</cell>
                            <cell>
                                <name key="ed_ucp_jqz_rhb" type="subjectIndexTerm">Inferior in
                                    sinistro humero</name>
                            </cell>
                            <cell>16. 20</cell>
                            <cell>7 Y. 23. 3 1/2</cell>
                        </row>
                        <row>
                            <cell>8</cell>
                            <cell>
                                <name key="ed_hzz_qtz_rhb" type="subjectIndexTerm">Clarior et
                                    superior in <choice>
                                        <abbr>sin.</abbr>
                                        <expan>sinistra</expan>
                                    </choice> scapula</name>
                            </cell>
                            <cell>17. 14</cell>
                            <cell>8 X. 24. 20</cell>
                        </row>
                        <row>
                            <cell>9</cell>
                            <cell>
                                <name key="ed_lf2_mqz_rhb" type="subjectIndexTerm">Borea in
                                    cingulo</name>
                            </cell>
                            <cell>25. 1</cell>
                            <cell>9 Y. 32. 30 1/2</cell>
                        </row>
                        <row>
                            <cell>10</cell>
                            <cell>
                                <name key="ed_ezv_2pz_rhb" type="subjectIndexTerm">Australior in
                                    cingulo</name>
                            </cell>
                            <cell>25. 44</cell>
                            <cell>10 Z. 25. 59</cell>
                        </row>
                        <row>
                            <cell>11</cell>
                            <cell>
                                <name key="ed_gql_zyz_rhb" type="subjectIndexTerm">Suprema in
                                    sinistra sura</name>
                            </cell>
                            <cell>6. 1. ♉</cell>
                            <cell>11 β. 28. 59</cell>
                        </row>
                        <row>
                            <cell>12</cell>
                            <cell>
                                <name key="ed_wqv_5h1_shb" type="subjectIndexTerm">Extrema in
                                    superiore pede</name>
                            </cell>
                            <cell>10. 1</cell>
                            <cell>12 P. 36. 49 1/2</cell>
                        </row>
                    </table>
                </p>
                <cb type="end"/>
            </div>
        </body>
    </text>
</TEI>