<?xml-stylesheet type="text/xsl" href="custom.xsl"?><TEI xmlns="http://www.tei-c.org/ns/1.0" xml:id="psy_vcc_b2b">
    <teiHeader>
        <fileDesc>
            <titleStmt>
                <title type="main">Stanisław Lubieniecki (Hamburg) an Johann Friedrich Schletzer
                    (Frankfurt am Main), 23. Mai 1665</title>
                <title type="sub"/>
                <respStmt>
                    <persName>Maike Sach</persName>
                    <resp>
                        <note type="remarkResponsibility">Transkription</note>
                    </resp>
                </respStmt>
                <respStmt>
                    <persName>Maike Sach</persName>
                    <resp>
                        <note type="remarkResponsibility">Register</note>
                    </resp>
                </respStmt>
            </titleStmt>
            <publicationStmt>
                <publisher>Johannes a Lasco Bibliothek</publisher>
                <pubPlace>Emden</pubPlace>
                <date>2018</date>
            </publicationStmt>
            <sourceDesc>
                <msDesc rend="manuscript">
                    <msIdentifier>
                        <repository>Staats- und Univeritätsbibliothek Hamburg</repository>
                        <idno>
                            <idno type="shelfmark">SUBH Sup. ep. 4° 72, f. 87r–87v</idno>
                            <idno type="URLCatalogue"/>
                            <idno type="URLImages"/>
                            <idno type="URN"/>
                        </idno>
                    </msIdentifier>
                    <physDesc>
                        <p/>
                        <accMat><p/></accMat>
                    </physDesc>
                </msDesc>
            </sourceDesc>
        </fileDesc>
        <profileDesc>
            <langUsage>
                <language ident="fra"/>
            </langUsage>
            <textClass>
                <classCode scheme="http://www.deutschestextarchiv.de/doku/klassifikation#dwds1main">Gebrauchsliteratur</classCode>
                <classCode scheme="#sbw">Brief</classCode>
            </textClass>
            <correspDesc>
                <correspAction type="sent">
                    <persName key="Lubieniecki_Stanislaw">Lubieniecki, Stanisław
                        (1623-1675)</persName>
                    <placeName key="Hamburg">Hamburg</placeName>
                    <date cert="high" when="1665-05-23"/>
                </correspAction>
                <correspAction type="received">
                    <persName key="Schletzer">Schletzer, Johann Friedrich (1635-1659)</persName>
                    <placeName key="Frankfurt_a_M">Frankfurt am Main</placeName>
                    <date cert="high" when="1665-07-09"/>
                </correspAction>
                <note>Altsignatur: SUBH Sup. ep. 4° 72, S. 171–172. Autograph, Ausfertigung mit
                    doppelter Datierung, Adresse und erhaltenem Siegel. Von <persName key="Lubieniecki_Stanislaw">Lubieniecki</persName> nach <placeName key="Paris">Paris</placeName> gesandt, aber in <placeName key="Frankfurt_a_M">Frankfurt</placeName> von <persName key="Schletzer">Schletzer</persName> in Empfang genommen, mit <rs key="ed_tbh_nc3_thb" type="term">Dorsualvermerk</rs> von der Hand Schletzers. Anscheinend wurde
                    der Brief über <persName key="ed_an1_yxk_kfb">Christian Habbaeus von
                        Lichtenstern</persName> weitergeleitet, wie der Dorsualvermerk nahelegt.
                    Habbaeus war vom 11. April 1662 bis zum 13. November 1669 schwedischer Resident
                    in Frankfurt am Main (Bittner, Groß, Repertorium der diplomatischen Vertreter I,
                    S. 489), später dänischer Resident in <placeName key="Hamburg">Hamburg</placeName>.</note>
            </correspDesc>
            <abstract>
                <p>
                    <persName key="Lubieniecki_Stanislaw">Lubieniecki</persName> übersendet einen
                        <rs key="Brief" type="term">Brief</rs>
                    <persName key="ed_qdm_z15_vdb">Lützows</persName>, der ihm erst nach <rs key="ed_rnh_qjj_kfb" type="term">Abfertigung der letzten Post</rs>
                    zugegangen ist, so dass er bedauerlicherweise erst jetzt abgeschickt werden
                    konnte. Lubieniecki hat nichts aus <placeName key="Breslau">Breslau</placeName>
                    gehört, schickt aber <rs key="ed_pdq_5z3_t2b" type="term">
                        <rs key="ed_lkl_ftz_kfb" type="term">das, was er über die Entwicklungen in
                                <placeName key="Polen">Polen</placeName> erhalten hat</rs>
                    </rs>. Er wartet mit großer Ungeduld auf <rs key="ed_lkl_ftz_kfb" type="term">Nachrichten</rs> von <persName key="Schletzer">Schletzer</persName> ebenso
                    wie der "<rs key="ed_w3w_hct_xdb" type="person"><ref target="fbm_tcc_b2b/#nutv_ghr_mfb">gemeinsame Freund</ref></rs>". </p>
            </abstract>
        </profileDesc>
    </teiHeader>
    <facsimile>
        <graphic n="87r" url="SUB_Hamburg/00000051.tif"/>
        <graphic n="87v" url="SUB_Hamburg/00000052.tif"/>
    </facsimile>
    <text>
        <body>
            <div type="letter">
                <milestone type="page" n="1"/>
                <opener>
                    <pb facs="SUB_Hamburg/00000052.tif" n="87v"/>
                    <address>
                        <addrLine>A Monsieur</addrLine>
                        <addrLine>Monsieur <persName key="Schletzer">Jean Frederic
                                Schletzer</persName>
                            <choice>
                                <abbr>p.</abbr>
                                <expan>et cetera</expan>
                            </choice>
                        </addrLine>
                        <addrLine>à <placeName key="Paris">Paris</placeName>
                        </addrLine>
                    </address>
                    <pb facs="SUB_Hamburg/00000051.tif" n="87r"/>
                    <salute>
                        <choice>
                            <abbr>Mons<hi rendition="#sup">r</hi>
                            </abbr>
                            <expan>Monsieur.</expan>
                        </choice>
                    </salute>
                </opener>
                <p><seg type="comment">
                        <orig>Voici la lettre de la part de <choice>
                                <abbr>M<hi rendition="#sup">r</hi>.</abbr>
                                <expan>Monsieur</expan>
                            </choice>
                            <persName key="ed_qdm_z15_vdb">Lutzou</persName></orig>
                        <note xml:id="nvy5_vxp_cjb">Der Brief ist offenbar nicht erhalten.</note>
                    </seg>, la quelle m’a fut renduë apres le depart de la poste precedente, <choice>
                        <abbr>tellem<hi rendition="#sup">t</hi>.</abbr>
                        <expan>tellement</expan>
                    </choice>, qu’ elle avoit attendue celle d’aujourd’huy avec mon regret. Je n’ay
                    rien de <placeName key="Breslau">Breslau</placeName>, et voici ce que j’ay reçu
                        <date calendar="#Gregorian" when="1665-05-22">
                        <seg type="comment">
                            <orig>hier</orig>
                            <note xml:id="nrdb_frj_mfb">22. Mai 1665</note>
                        </seg>
                    </date> des affaires de <placeName key="Polen">Pologne</placeName>, en attendant
                    vostre <rs key="ed_lkl_ftz_kfb" type="term">communication</rs> avec grand ennuy,
                    ce que <ref target="fbm_tcc_b2b/#nutv_ghr_mfb"><rs key="ed_w3w_hct_xdb" type="person">nostre ami commun</rs></ref> fera de sa part sans
                    doute.</p>
                <closer>
                    <salute>Je demeure <choice>
                            <abbr>sincerem<hi rendition="#sup">t</hi>.</abbr>
                            <expan>sincerement</expan>
                        </choice> à jamais <choice>
                            <abbr>
                                <lb/>Mons<hi rendition="#sup">r</hi>.</abbr>
                            <expan>Monsieur</expan>
                        </choice>
                        <lb/> vostre <choice>
                            <abbr>tresh.</abbr>
                            <expan>treshumble</expan>
                        </choice> et <choice>
                            <abbr>tresob.</abbr>
                            <expan>tresobeissant</expan>
                        </choice>
                        <lb/>serviteur </salute>
                    <signed>De Lubi<unclear cert="high" reason="illegible">enietz</unclear>
                    </signed>
                    <dateline>
                        <date calendar="#Gregorian #Julian" when="1665-05-23">13. 23. may <lb/>
                            1665</date><choice>
                            <sic>.</sic>
                            <corr type="deleted"/>
                        </choice></dateline>
                </closer>
            </div>
            <milestone type="page" n="2"/>
            <pb facs="SUB_Hamburg/00000052.tif" n="87v"/>
            <note hand="#addressee" type="receipt"><choice>
                    <abbr>dat.</abbr>
                    <expan>datum</expan>
                </choice>
                <choice>
                    <abbr>d</abbr>
                    <expan>den</expan>
                </choice>
                <date when="1665-05-23" calendar="#Gregorian #Julian">13<supplied cert="high">.</supplied>/23<supplied cert="high">.</supplied> Maij</date>
                <lb/><choice>
                    <abbr>A<hi rendition="#sup">o</hi>.</abbr>
                    <expan>anno</expan>
                </choice> 1665. <lb/><choice>
                    <abbr>Empf</abbr>
                    <expan>empfangen</expan>
                </choice>
                <choice>
                    <abbr>d</abbr>
                    <expan>den</expan>
                </choice>
                <date when="1665-07-09" calendar="#Gregorian #Julian">29. <choice>
                        <abbr>Jun.</abbr>
                        <expan>Junii</expan>
                    </choice>/9. <choice>
                        <abbr>Jul.</abbr>
                        <expan>Julii</expan>
                    </choice></date>
                <lb/>zu <placeName key="Frankfurt_a_M"><choice>
                        <abbr>FF</abbr>
                        <expan>Frankfurt</expan>
                    </choice>
                    <lb/></placeName><choice>
                    <abbr><unclear reason="illegible" cert="high">durchhn.</unclear></abbr>
                    <expan>durch Herrn</expan>
                </choice>
                <persName key="ed_an1_yxk_kfb">Habbaeum</persName></note>
        </body>
    </text>
</TEI>